   ,????,??? ????,?? ????,??? ???,?? ???,??? ???? ???,????,??? ????? ???????,?? ?????
645,???? ??????,0,?? ????,0,?? ????,0, ,0, 
20,???? ??????,1070,??????,11,???????,13,??? ???,26,??? ?????
24,???? ??????,783,??? ????,11,???????,11,???????,26,??? ?????
33,???? ??????,1123,????,11,???????,13,??? ???,26,??? ?????
47,???? ??????,780,????,11,???????,11,???????,26,??? ?????
73,???? ??????,886,??????,11,???????,13,??? ???,26,??? ?????
133,???? ??????,740,??????,11,???????,13,??? ???,26,??? ?????
172,???? ??????,710,??? ???,11,???????,11,???????,26,??? ?????
185,???? ??????,751,??? ????,11,???????,13,??? ???,26,??? ?????
188,???? ??????,672,??? ?????,11,???????,11,???????,26,??? ?????
199,???? ??????,2610,??? ???,11,???????,13,??? ???,0, 
226,???? ??????,864,????,11,???????,13,??? ???,26,??? ?????
228,???? ??????,823,?? ?????,11,???????,13,??? ???,26,??? ?????
267,???? ??????,787,???? ?????,11,???????,13,??? ???,26,??? ?????
268,???? ??????,919,???? ??????,11,???????,13,??? ???,26,??? ?????
273,???? ??????,566,???? ???,11,???????,13,??? ???,26,??? ?????
292,???? ??????,1043,????,11,???????,13,??? ???,26,??? ?????
327,???? ??????,39,???,11,???????,13,??? ???,26,??? ?????
350,???? ??????,493,???? ?????,11,???????,13,??? ???,26,??? ?????
381,???? ??????,464,????,11,???????,13,??? ???,26,??? ?????
393,???? ??????,799,?????,11,???????,13,??? ???,26,??? ?????
396,???? ??????,816,????,11,???????,13,??? ???,26,??? ?????
466,???? ??????,462,?? ???,11,???????,13,??? ???,26,??? ?????
481,???? ??????,1134,?? ??????,11,???????,11,???????,26,??? ?????
486,???? ??????,1144,?????,11,???????,11,???????,26,??? ?????
521,???? ??????,3000,???????,11,???????,11,???????,0, 
526,???? ??????,805,????,11,???????,13,??? ???,26,??? ?????
554,???? ??????,859,?????,11,???????,13,??? ???,26,??? ?????
559,???? ??????,364,??? ?????,11,???????,13,??? ???,26,??? ?????
584,???? ??????,1325,??? ??????,11,???????,13,??? ???,26,??? ?????
654,???? ??????,52,?????,11,???????,13,??? ???,26,??? ?????
665,???? ??????,771,???? ????,11,???????,11,???????,26,??? ?????
674,???? ??????,1015,????? ????,11,???????,11,???????,0, 
695,???? ??????,208,???? ?????,11,???????,11,???????,26,??? ?????
714,???? ??????,776,?????,11,???????,13,??? ???,26,??? ?????
716,???? ??????,822,???,11,???????,13,??? ???,26,??? ?????
742,???? ??????,742,????? ????,11,???????,13,??? ???,26,??? ?????
760,???? ??????,286,???? ??????,11,???????,13,??? ???,26,??? ?????
825,???? ??????,405,???? ????,11,???????,13,??? ???,26,??? ?????
835,???? ??????,1071,???? ?????,11,???????,13,??? ???,26,??? ?????
836,???? ??????,1259,???? ????,11,???????,13,??? ???,26,??? ?????
845,???? ??????,59,?????,11,???????,13,??? ???,26,??? ?????
850,???? ??????,809,???,11,???????,13,??? ???,26,??? ?????
853,???? ??????,777,?????,11,???????,13,??? ???,26,??? ?????
859,???? ??????,1254,???,11,???????,13,??? ???,26,??? ?????
885,???? ??????,825,?? ????,11,???????,13,??? ???,26,??? ?????
899,???? ??????,693,"???? ??""?",11,???????,13,??? ???,26,??? ?????
925,???? ??????,794,????,11,???????,13,??? ???,26,??? ?????
969,???? ??????,1056,"??? ???-??""? ?????",11,???????,11,???????,26,??? ?????
972,???? ??????,521,??? ?????,11,???????,11,???????,26,??? ?????
976,???? ??????,514,??? ????,11,???????,11,???????,26,??? ?????
989,???? ??????,779,??????,11,???????,11,???????,26,??? ?????
1040,???? ??????,465,????,11,???????,13,??? ???,26,??? ?????
1048,???? ??????,1113,??? ????,11,???????,13,??? ???,26,??? ?????
1055,???? ??????,796,?????,11,???????,13,??? ???,26,??? ?????
1058,???? ??????,1079,???????,11,???????,13,??? ???,26,??? ?????
1061,???? ??????,567,????,11,???????,13,??? ???,26,??? ?????
1091,???? ??????,1137,???? ?????,11,???????,13,??? ???,0, 
1092,???? ??????,2039,???? ?????)????(,11,???????,13,??? ???,26,??? ?????
1096,???? ??????,78,???? ?????,11,???????,13,??? ???,26,??? ?????
1149,???? ??????,460,??? ?????,11,???????,13,??? ???,26,??? ?????
1150,???? ??????,127,??? ???,11,???????,11,???????,26,??? ?????
1179,???? ??????,27,???? ????,11,???????,13,??? ???,26,??? ?????
1187,???? ??????,741,?????,11,???????,13,??? ???,26,??? ?????
1194,???? ??????,456,????,11,???????,13,??? ???,26,??? ?????
1233,???? ??????,1114,?????? )??-???(,11,???????,13,??? ???,26,??? ?????
1244,???? ??????,10,?????,11,???????,13,??? ???,26,??? ?????
1263,???? ??????,752,????,11,???????,13,??? ???,26,??? ?????
1269,???? ??????,778,????,11,???????,13,??? ???,26,??? ?????
16,???? ??????,1115,??????,21,???,21,???,2,???? ?????
43,???? ??????,1294,??? ?????,21,???,21,???,2,???? ?????
65,???? ??????,77,????? ????,21,???,21,???,1,????? ??????
89,???? ??????,730,??????,21,???,21,???,55,?????? ??????
104,???? ??????,1064,??????,21,???,21,???,2,???? ?????
154,???? ??????,368,?????,21,???,21,???,2,???? ?????
167,???? ??????,322,??? ???,21,???,21,???,55,?????? ??????
229,???? ??????,1191,?? ?????,21,???,21,???,2,???? ?????
235,???? ??????,667,????,21,???,21,???,1,????? ??????
279,???? ??????,35,????,21,???,21,???,1,????? ??????
285,???? ??????,852,????,21,???,21,???,1,????? ??????
329,???? ??????,487,?'? )??? ???(,21,???,21,???,0, 
343,???? ??????,1067,"???""?",21,???,21,???,2,???? ?????
352,???? ??????,2063,?????,21,???,21,???,55,?????? ??????
354,???? ??????,431,?????,21,???,21,???,2,???? ?????
356,???? ??????,303,??,21,???,21,???,1,????? ??????
357,???? ??????,302,????,21,???,21,???,1,????? ??????
362,???? ??????,356,???????,21,???,21,???,1,????? ??????
415,???? ??????,253,?????,21,???,21,???,1,????? ??????
444,???? ??????,2034,???? ???????,21,???,21,???,0, 
458,???? ??????,962,????-??????,21,???,21,???,0, 
489,???? ??????,2009,????,21,???,21,???,55,?????? ??????
501,???? ??????,29,???? ?????,21,???,21,???,0, 
511,???? ??????,453,????,21,???,21,???,1,????? ??????
518,???? ??????,623,?????,21,???,21,???,1,????? ??????
534,???? ??????,1338,?????,21,???,21,???,2,???? ?????
539,???? ??????,1252,??????,21,???,21,???,55,?????? ??????
540,???? ??????,1210,???,21,???,21,???,55,?????? ??????
563,???? ??????,357,??? ????,21,???,21,???,1,????? ??????
570,???? ??????,76,??? ?????,21,???,21,???,1,????? ??????
577,???? ??????,443,??? ?????,21,???,21,???,1,????? ??????
587,???? ??????,609,??? ????,21,???,21,???,2,???? ?????
590,???? ??????,1297,??? ?????,21,???,21,???,2,???? ?????
612,???? ??????,345,??? ????,21,???,21,???,1,????? ??????
627,???? ??????,605,??? ????,21,???,21,???,2,???? ?????
634,???? ??????,664,??? ?? ????,21,???,21,???,2,???? ?????
650,???? ??????,380,????? ????,21,???,21,???,1,????? ??????
713,???? ??????,308,??????,21,???,21,???,1,????? ??????
715,???? ??????,43,?????,21,???,21,???,0, 
722,???? ??????,607,?????,21,???,21,???,2,???? ?????
731,???? ??????,596,?????,21,???,21,???,1,????? ??????
737,???? ??????,347,????,21,???,21,???,1,????? ??????
754,???? ??????,416,???? ????,21,???,21,???,1,????? ??????
782,???? ??????,843,???????,21,???,21,???,55,?????? ??????
790,???? ??????,378,???? ??,21,???,21,???,1,????? ??????
797,???? ??????,732,???? ?????,21,???,21,???,55,?????? ??????
810,???? ??????,408,???? ?????,21,???,21,???,1,????? ??????
905,???? ??????,578,????,21,???,21,???,1,????? ??????
986,???? ??????,688,????,21,???,21,???,2,???? ?????
988,???? ??????,1212,?????,21,???,21,???,2,???? ?????
990,???? ??????,385,?????,21,???,21,???,1,????? ??????
993,???? ??????,319,????,21,???,21,???,1,????? ??????
1032,???? ??????,599,????,21,???,21,???,2,???? ?????
1039,???? ??????,1213,?????,21,???,21,???,1,????? ??????
1059,???? ??????,8000,???,21,???,21,???,0, 
1099,???? ??????,2800,???? ?????,21,???,21,???,0, 
1106,???? ??????,26,??? ????,21,???,21,???,0, 
1127,???? ??????,540,???????,21,???,21,???,2,???? ?????
1138,???? ??????,372,???? ?????,21,???,21,???,55,?????? ??????
1158,???? ??????,324,??? ????,21,???,21,???,55,?????? ??????
1165,???? ??????,861,??? ??????,21,???,21,???,55,?????? ??????
1174,???? ??????,329,??? ?????,21,???,21,???,1,????? ??????
1211,???? ??????,366,????,21,???,21,???,1,????? ??????
1216,???? ??????,1132,????,21,???,21,???,1,????? ??????
1228,???? ??????,846,???,21,???,21,???,2,???? ?????
68,???? ??????,49,??????,22,????,22,?????,3,????? ??????
77,???? ??????,330,??????,22,????,22,?????,6,??? ?????
93,???? ??????,1125,??????,22,????,22,?????,6,??? ?????
105,???? ??????,1253,?????,22,????,22,?????,55,?????? ??????
114,???? ??????,176,??????,22,????,22,?????,6,??? ?????
117,???? ??????,701,????,22,????,22,?????,3,????? ??????
125,???? ??????,199,????? ????  )?????(,22,????,22,?????,6,??? ?????
126,???? ??????,188,????? ????  )?????(,22,????,22,?????,6,??? ?????
173,???? ??????,143,??? ???,22,????,22,?????,6,??? ?????
195,???? ??????,365,??? ???,22,????,22,?????,3,????? ??????
258,???? ??????,1293,???? ????,22,????,22,?????,3,????? ??????
295,???? ??????,262,??????,22,????,22,?????,6,??? ?????
331,???? ??????,305,???,22,????,22,?????,7,??? ????????
341,???? ??????,62,????? ?',22,????,22,?????,6,??? ?????
342,???? ??????,79,????? ?',22,????,22,?????,6,??? ?????
360,???? ??????,702,????,22,????,22,?????,6,??? ?????
366,???? ??????,1322,??????,22,????,22,?????,3,????? ??????
371,???? ??????,307,???????,22,????,22,?????,3,????? ??????
419,???? ??????,374,?????,22,????,22,?????,6,??? ?????
423,???? ??????,1047,????,22,????,22,?????,2,???? ?????
431,???? ??????,993,????,22,????,22,?????,65,??-????
457,???? ??????,6700,?????,22,????,22,?????,0, 
473,???? ??????,1214,?????,22,????,22,?????,2,???? ?????
476,???? ??????,46,?????,22,????,22,?????,0, 
533,???? ??????,371,?????,22,????,22,?????,3,????? ??????
545,???? ??????,1229,?????,22,????,22,?????,2,???? ?????
551,???? ??????,63,???? )?????(,22,????,22,?????,6,??? ?????
552,???? ??????,57,???? )?????(,22,????,22,?????,6,??? ?????
585,???? ??????,786,??? ?????,22,????,22,?????,3,????? ??????
588,???? ??????,255,??? ?????,22,????,22,?????,3,????? ??????
601,???? ??????,508,??? ???,22,????,22,?????,0, 
621,???? ??????,388,??? ???,22,????,22,?????,3,????? ??????
630,???? ??????,47,??? ????,22,????,22,?????,0, 
632,???? ??????,38,??? ???,22,????,22,?????,6,??? ?????
633,???? ??????,1285,?????,22,????,21,???,55,?????? ??????
647,???? ??????,585,????,22,????,22,?????,3,????? ??????
648,???? ??????,1230,?????,22,????,22,?????,2,???? ?????
675,???? ??????,481,????,22,????,22,?????,0, 
678,???? ??????,65,????,22,????,22,?????,0, 
736,???? ??????,48,??????,22,????,22,?????,7,??? ????????
739,???? ??????,1258,???,22,????,22,?????,3,????? ??????
740,???? ??????,263,????,22,????,22,?????,6,??? ?????
748,???? ??????,678,????,22,????,22,?????,6,??? ?????
773,???? ??????,58,????,22,????,22,?????,3,????? ??????
945,???? ??????,530,???????,22,????,22,?????,0, 
950,???? ??????,273,??? ??,22,????,22,?????,6,??? ?????
1015,???? ??????,1104,????? - ??? ?????,22,????,22,?????,6,??? ?????
1016,???? ??????,1105,????? - ???? ????,22,????,22,?????,6,??? ?????
1017,???? ??????,1313,????? ?????,22,????,22,?????,6,??? ?????
1070,???? ??????,1211,?????,22,????,22,?????,1,????? ??????
1112,???? ??????,1225,????,22,????,22,?????,6,??? ?????
1163,???? ??????,721,??? ????,22,????,22,?????,3,????? ??????
1184,???? ??????,306,????? ?????,22,????,22,?????,3,????? ??????
1218,???? ??????,1299,??????,22,????,22,?????,3,????? ??????
1222,???? ??????,264,??? ?????,22,????,22,?????,6,??? ?????
1232,???? ??????,292,?????,22,????,22,?????,3,????? ??????
1250,???? ??????,719,?? ????,22,????,22,?????,6,??? ?????
19,???? ??????,2052,?????,23,?????,23,?????,8,??????
31,???? ??????,113,??????,23,?????,23,?????,8,??????
40,???? ??????,1108,????,23,?????,23,?????,8,??????
57,???? ??????,1330,????? ???,23,?????,23,?????,9,??? ??????
74,???? ??????,478,?????,23,?????,23,?????,0, 
78,???? ??????,1182,???? ?????,23,?????,23,?????,9,??? ??????
81,???? ??????,429,????? ???,23,?????,23,?????,9,??? ??????
84,???? ??????,285,??????,23,?????,23,?????,9,??? ??????
90,???? ??????,682,??????,23,?????,23,?????,13,?????
158,???? ??????,95,??? ????,23,?????,23,?????,8,??????
170,???? ??????,242,??? ?????,23,?????,23,?????,8,??????
171,???? ??????,353,??? ???,23,?????,23,?????,9,??? ??????
181,???? ??????,265,??? ????,23,?????,23,?????,7,??? ????????
184,???? ??????,430,??? ??? ???????,23,?????,23,?????,9,??? ??????
197,???? ??????,1162,??? ?????,23,?????,23,?????,3,????? ??????
198,???? ??????,9200,??? ???,23,?????,23,?????,0, 
200,???? ??????,248,??? ?????,23,?????,23,?????,9,??? ??????
204,???? ??????,94,???????,23,?????,23,?????,9,??? ??????
222,???? ??????,944,???? ?????,23,?????,23,?????,0, 
236,???? ??????,141,???,23,?????,23,?????,8,??????
252,???? ??????,86,???,23,?????,23,?????,8,??????
259,???? ??????,1288,???? ???,23,?????,23,?????,9,??? ??????
271,???? ??????,703,???? ???,23,?????,23,?????,13,?????
278,???? ??????,133,???,23,?????,23,?????,9,??? ??????
281,???? ??????,145,????,23,?????,23,?????,8,??????
282,???? ??????,442,??????,23,?????,23,?????,8,??????
288,???? ??????,457,????,23,?????,23,?????,9,??? ??????
296,???? ??????,92,??????,23,?????,23,?????,9,??? ??????
304,???? ??????,369,???? )??? ????(,23,?????,23,?????,13,?????
311,???? ??????,1274,?? ??,23,?????,23,?????,8,??????
337,???? ??????,146,?????,23,?????,23,?????,8,??????
338,???? ??????,489,??????,23,?????,23,?????,0, 
340,???? ??????,407,????,23,?????,23,?????,9,??? ??????
347,???? ??????,475,???,23,?????,23,?????,66,?????? ??-???'
353,???? ??????,300,????,23,?????,23,?????,13,?????
369,???? ??????,1186,??????,23,?????,23,?????,9,??? ??????
370,???? ??????,250,?????,23,?????,23,?????,13,?????
373,???? ??????,684,?????,23,?????,23,?????,9,??? ??????
376,???? ??????,677,???????,23,?????,23,?????,9,??? ??????
382,???? ??????,1249,?????,23,?????,23,?????,9,??? ??????
398,???? ??????,975,?????,23,?????,23,?????,0, 
401,???? ??????,1110,???,23,?????,23,?????,8,??????
433,???? ??????,343,?????,23,?????,23,?????,7,??? ????????
438,???? ??????,1257,?????,23,?????,23,?????,9,??? ??????
441,???? ??????,90,????-??,23,?????,23,?????,8,??????
461,???? ??????,497,????? )????(,23,?????,23,?????,8,??????
465,???? ??????,268,???? ???,23,?????,23,?????,7,??? ????????
471,???? ??????,547,???? )??????(,23,?????,23,?????,8,??????
494,???? ??????,452,??????,23,?????,23,?????,8,??????
505,???? ??????,1117,???,23,?????,23,?????,8,??????
510,???? ??????,134,????,23,?????,23,?????,9,??? ??????
516,???? ??????,241,????? )?????(,23,?????,23,?????,13,?????
517,???? ??????,240,????? ?????,23,?????,23,?????,0, 
519,???? ??????,2026,?????,23,?????,23,?????,7,??? ????????
566,???? ??????,132,??? ????,23,?????,23,?????,9,??? ??????
567,???? ??????,106,??? ?????,23,?????,23,?????,9,??? ??????
573,???? ??????,192,??? ?????,23,?????,23,?????,9,??? ??????
597,???? ??????,140,??? ?????,23,?????,23,?????,9,??? ??????
599,???? ??????,85,??? ??????,23,?????,23,?????,8,??????
625,???? ??????,295,??? ?????,23,?????,23,?????,7,??? ????????
679,???? ??????,874,???? ????,23,?????,23,?????,0, 
683,???? ??????,586,?????,23,?????,23,?????,13,?????
686,???? ??????,1155,??? ????,23,?????,23,?????,8,??????
688,???? ??????,2029,???? ???,23,?????,23,?????,13,?????
694,???? ??????,269,?????,23,?????,23,?????,8,??????
696,???? ??????,635,????????,23,?????,23,?????,8,??????
701,???? ??????,104,????,23,?????,23,?????,9,??? ??????
706,???? ??????,1413,???? ??????,23,?????,23,?????,9,??? ??????
718,???? ??????,2054,????,23,?????,23,?????,8,??????
721,???? ??????,1282,????,23,?????,23,?????,7,??? ????????
729,???? ??????,164,????,23,?????,23,?????,8,??????
732,???? ??????,1154,???????,23,?????,23,?????,7,??? ????????
741,???? ??????,298,??????,23,?????,23,?????,7,??? ????????
750,???? ??????,272,???? ????,23,?????,23,?????,7,??? ????????
758,???? ??????,1127,???? ?????,23,?????,23,?????,7,??? ????????
777,???? ??????,1190,???? ?????,23,?????,23,?????,3,????? ??????
785,???? ??????,97,?????? )????(,23,?????,23,?????,9,??? ??????
786,???? ??????,66,?????? )?????(,23,?????,23,?????,9,??? ??????
799,???? ??????,130,???? ????,23,?????,23,?????,13,?????
812,???? ??????,524,??????,23,?????,23,?????,8,??????
817,???? ??????,80,????,23,?????,23,?????,9,??? ??????
823,???? ??????,590,???? ???,23,?????,23,?????,7,??? ????????
826,???? ??????,296,???? ????,23,?????,23,?????,7,??? ????????
844,???? ??????,833,?????,23,?????,23,?????,8,??????
860,???? ??????,523,????,23,?????,23,?????,66,?????? ??-???'
871,???? ??????,256,??? ??? )?? ???(,23,?????,23,?????,7,??? ????????
873,???? ??????,165,??? ???,23,?????,23,?????,8,??????
910,???? ??????,526,????,23,?????,23,?????,66,?????? ??-???'
952,???? ??????,436,??? ???,23,?????,23,?????,9,??? ??????
957,???? ??????,383,"??? ????""?",23,?????,23,?????,7,??? ????????
958,???? ??????,367,??? ????,23,?????,23,?????,13,?????
959,???? ??????,270,??? ?????,23,?????,23,?????,13,?????
965,???? ??????,89,??? ???? )?????(,23,?????,23,?????,8,??????
966,???? ??????,82,??? ???? )?????(,23,?????,23,?????,8,??????
998,???? ??????,7700,?????,23,?????,23,?????,0, 
1033,???? ??????,2053,?????,23,?????,23,?????,8,??????
1054,???? ??????,613,??????,23,?????,23,?????,9,??? ??????
1056,???? ??????,636,?????,23,?????,23,?????,8,??????
1117,???? ??????,2016,?????,23,?????,23,?????,7,??? ????????
1124,???? ??????,854,????,23,?????,23,?????,7,??? ????????
1133,???? ??????,1069,??-???,23,?????,23,?????,8,??????
1137,???? ??????,445,???? ????,23,?????,23,?????,13,?????
1141,???? ??????,135,??? ???,23,?????,23,?????,9,??? ??????
1143,???? ??????,335,??? ?????,23,?????,23,?????,13,?????
1146,???? ??????,122,??? ???,23,?????,23,?????,0, 
1148,???? ??????,339,??? ???,23,?????,23,?????,8,??????
1156,???? ??????,437,?????,23,?????,23,?????,7,??? ????????
1161,???? ??????,913,???? - ??? ??-???,23,?????,23,?????,0, 
1164,???? ??????,304,??? ?????,23,?????,23,?????,7,??? ????????
1170,???? ??????,142,??? ????,23,?????,23,?????,9,??? ??????
1173,???? ??????,259,??? ????,23,?????,23,?????,7,??? ????????
1182,???? ??????,2057,??? ??????,23,?????,23,?????,7,??? ????????
1208,???? ??????,439,??????,23,?????,23,?????,7,??? ????????
1214,???? ??????,1337,?????,23,?????,23,?????,9,??? ??????
1234,???? ??????,126,????,23,?????,23,?????,9,??? ??????
1246,???? ??????,84,?? ????,23,?????,23,?????,8,??????
1249,???? ??????,103,?? ?????,23,?????,23,?????,9,??? ??????
1252,???? ??????,1283,?? ??????,23,?????,23,?????,7,??? ????????
1261,???? ??????,1244,????,23,?????,23,?????,9,??? ??????
14,???? ??????,1275,???????,24,???,20,??????,56,????
21,???? ??????,1220,??????,24,???,24,???,52,???? ????
23,???? ??????,1081,??? ????,24,???,24,???,52,???? ????
32,???? ??????,1068,?????,24,???,24,???,4,??? ???
58,???? ??????,785,??????,24,???,24,???,4,??? ???
66,???? ??????,294,?????,24,???,24,???,4,??? ???
100,???? ??????,603,?????,24,???,24,???,52,???? ????
110,???? ??????,529,??????,24,???,24,???,0, 
115,???? ??????,313,???,24,???,24,???,4,??? ???
123,???? ??????,1276,????,24,???,20,??????,56,????
127,???? ??????,1188,????,24,???,20,??????,56,????
132,???? ??????,1256,????,24,???,24,???,4,??? ???
134,???? ??????,1298,????,24,???,20,??????,56,????
145,???? ??????,559,????? ?????,24,???,24,???,4,??? ???
152,???? ??????,998,??? ??-?????,24,???,25,???? ?????,0, 
163,???? ??????,480,??? ?'?,24,???,20,??????,0, 
168,???? ??????,572,??? ????,24,???,24,???,4,??? ???
206,???? ??????,712,?? ???,24,???,24,???,4,??? ???
223,???? ??????,483,????,24,???,24,???,0, 
225,???? ??????,589,???,24,???,24,???,4,??? ???
280,???? ??????,1292,?'?????-???,24,???,24,???,0, 
284,???? ??????,485,?'???,24,???,24,???,0, 
286,???? ??????,755,????,24,???,24,???,52,???? ????
287,???? ??????,1219,?????? ?????,24,???,24,???,52,???? ????
293,???? ??????,1204,?????,24,???,20,??????,56,????
298,???? ??????,1206,????,24,???,24,???,52,???? ????
326,???? ??????,463,?????,24,???,24,???,4,??? ???
332,???? ??????,574,??? ????,24,???,24,???,4,??? ???
348,???? ??????,490,???? ??-???,24,???,24,???,0, 
349,???? ??????,492,???? ???,24,???,24,???,0, 
355,???? ??????,1317,??????,24,???,20,??????,56,????
374,???? ??????,1208,????,24,???,24,???,52,???? ????
384,???? ??????,1203,?????,24,???,20,??????,56,????
411,???? ??????,948,???'????? )?'???(,24,???,24,???,56,????
416,???? ??????,662,????,24,???,24,???,52,???? ????
417,???? ??????,1332,???????,24,???,20,??????,56,????
421,???? ??????,496,??????,24,???,24,???,0, 
428,???? ??????,1272,????,24,???,20,??????,56,????
437,???? ??????,280,?????,24,???,24,???,4,??? ???
448,???? ??????,1404,????? ???,24,???,24,???,4,??? ???
455,???? ??????,1209,?????,24,???,20,??????,56,????
467,???? ??????,1181,??-??,24,???,20,??????,56,????
470,???? ??????,8900,????,24,???,24,???,0, 
474,???? ??????,1295,?????-?'?,24,???,24,???,0, 
490,???? ??????,1226,??????,24,???,20,??????,56,????
491,???? ??????,1112,?????,24,???,20,??????,56,????
495,???? ??????,409,?????,24,???,24,???,4,??? ???
503,???? ??????,575,?????,24,???,24,???,4,??? ???
504,???? ??????,1138,???,24,???,20,??????,56,????
507,???? ??????,795,????,24,???,24,???,52,???? ????
523,???? ??????,502,????,24,???,24,???,0, 
530,???? ??????,504,?????,24,???,24,???,0, 
531,???? ??????,505,????? ??? ??-???'?,24,???,24,???,0, 
532,???? ??????,576,????,24,???,24,???,4,??? ???
543,???? ??????,1153,?????,24,???,20,??????,56,????
544,???? ??????,1183,????,24,???,24,???,4,??? ???
546,???? ??????,1331,?????,24,???,20,??????,56,????
548,???? ??????,1201,????,24,???,20,??????,56,????
555,???? ??????,1296,????-????,24,???,24,???,0, 
583,???? ??????,1263,??? ?????,24,???,24,???,0, 
595,???? ??????,507,??? ?????,24,???,24,???,0, 
606,???? ??????,510,??? ????,24,???,25,???? ?????,0, 
608,???? ??????,297,??? ?????,24,???,24,???,4,??? ???
623,???? ??????,579,??? ??? ?????,24,???,24,???,4,??? ???
624,???? ??????,1130,??? ???????? )?????(,24,???,24,???,52,???? ????
641,???? ??????,1139,??????,24,???,20,??????,0, 
646,???? ??????,1207,????,24,???,20,??????,56,????
655,???? ??????,595,????? ???????,24,???,24,???,4,??? ???
656,???? ??????,1171,????,24,???,20,??????,56,????
658,???? ??????,674,????,24,???,24,???,4,??? ???
661,???? ??????,1173,??????,24,???,24,???,52,???? ????
676,???? ??????,516,??'? ??-????,24,???,24,???,0, 
697,???? ??????,1163,????,24,???,20,??????,56,????
698,???? ??????,1178,?????,24,???,20,??????,56,????
702,???? ??????,517,?????,24,???,24,???,0, 
728,???? ??????,1202,??????,24,???,20,??????,56,????
734,???? ??????,1174,????,24,???,20,??????,56,????
735,???? ??????,1205,????,24,???,24,???,52,???? ????
752,???? ??????,570,?????,24,???,24,???,52,???? ????
753,???? ??????,518,??????,24,???,24,???,0, 
766,???? ??????,1063,?????-??????,24,???,24,???,0, 
771,???? ??????,325,?????,24,???,24,???,4,??? ???
774,???? ??????,1222,"???? ???""?",24,???,20,??????,56,????
806,???? ??????,1184,???,24,???,24,???,52,???? ????
818,???? ??????,9100,?????,24,???,24,???,0, 
829,???? ??????,1314,???? ???,24,???,24,???,52,???? ????
851,???? ??????,522,???,24,???,20,??????,0, 
855,???? ??????,1147,?????,24,???,24,???,52,???? ????
886,???? ??????,1143,?? ????,24,???,24,???,4,??? ???
901,???? ??????,792,???? ??????,24,???,24,???,4,??? ???
904,???? ??????,525,???'??,24,???,20,??????,0, 
908,???? ??????,942,????? )??????(,24,???,24,???,9,??? ??????
909,???? ??????,989,????? )?????( )???(,24,???,20,??????,0, 
913,???? ??????,7500,??'???,24,???,24,???,0, 
915,???? ??????,1245,????,24,???,20,??????,56,????
920,???? ??????,454,???,24,???,24,???,4,??? ???
923,???? ??????,892,?????,24,???,24,???,52,???? ????
924,???? ??????,376,?????,24,???,24,???,4,??? ???
927,???? ??????,1199,???,24,???,24,???,9,??? ??????
949,???? ??????,546,??? ??-???,24,???,21,???,2,???? ?????
956,???? ??????,289,??? ?????,24,???,24,???,4,??? ???
968,???? ??????,813,??? ????,24,???,24,???,52,???? ????
982,???? ??????,7600,???,24,???,24,???,0, 
995,???? ??????,708,????,24,???,24,???,4,??? ???
1000,???? ??????,917,????? ???,24,???,20,??????,56,????
1001,???? ??????,531,?????,24,???,24,???,0, 
1002,???? ??????,1246,??????,24,???,24,???,4,??? ???
1003,???? ??????,1335,??? ?? ????,24,???,20,??????,56,????
1021,???? ??????,1185,???,24,???,20,??????,56,????
1025,???? ??????,535,?????,24,???,24,???,0, 
1028,???? ??????,536,?????? )???????(,24,???,24,???,0, 
1029,???? ??????,281,?????? ????,24,???,24,???,52,???? ????
1038,???? ??????,1180,????,24,???,20,??????,56,????
1052,???? ??????,774,??????,24,???,24,???,52,???? ????
1053,???? ??????,1221,?????,24,???,20,??????,56,????
1074,???? ??????,1179,??????,24,???,20,??????,56,????
1102,???? ??????,543,????,24,???,20,??????,0, 
1103,???? ??????,1334,??? ??-???,24,???,20,??????,56,????
1113,???? ??????,390,????,24,???,24,???,4,??? ???
1154,???? ??????,1228,????,24,???,20,??????,56,????
1159,???? ??????,282,??? ????,24,???,24,???,4,??? ???
1191,???? ??????,614,?????,24,???,24,???,52,???? ????
1195,???? ??????,1235,??????,24,???,20,??????,56,????
1197,???? ??????,527,????,24,???,21,???,2,???? ?????
1202,???? ??????,658,????' ????,24,???,24,???,4,??? ???
1205,???? ??????,1160,?????,24,???,20,??????,56,????
1209,???? ??????,812,?????,24,???,24,???,0, 
1213,???? ??????,432,????,24,???,24,???,4,??? ???
1217,???? ??????,538,???,24,???,24,???,0, 
1229,???? ??????,8800,?????,24,???,25,???? ?????,0, 
1236,???? ??????,1045,?????,24,???,24,???,52,???? ????
1240,???? ??????,1172,????,24,???,20,??????,56,????
146,???? ??????,482,???????-???'????,25,????,25,???? ?????,0, 
410,???? ??????,986,?'???? )???(,25,????,31,????,12,??????
459,???? ??????,498,??????,25,????,25,???? ?????,0, 
508,???? ??????,499,????,25,????,25,???? ?????,0, 
556,???? ??????,978,?????-????-??'??'??,25,????,25,???? ?????,0, 
602,???? ??????,509,??? ???,25,????,25,???? ?????,0, 
609,???? ??????,512,??? ???,25,????,23,?????,66,?????? ??-???'
738,???? ??????,994,????? ????,25,????,23,?????,9,??? ??????
791,???? ??????,520,????,25,????,25,???? ?????,0, 
895,???? ??????,7300,????,25,????,25,???? ?????,0, 
896,???? ??????,1061,???? ?????,25,????,25,???? ?????,0, 
930,???? ??????,528,??????,25,????,25,???? ?????,65,??-????
947,???? ??????,511,?????,25,????,25,???? ?????,0, 
971,???? ??????,532,??? ????,25,????,25,???? ?????,0, 
1120,???? ??????,539,??????,25,????,25,???? ?????,65,??-????
1121,???? ??????,997,???? ????,25,????,25,???? ?????,65,??-????
1129,???? ??????,542,?????,25,????,25,???? ?????,0, 
26,???? ??????,4011,???? ????,29,????,22,?????,71,????
35,???? ??????,4010,????,29,????,21,???,71,????
49,???? ??????,4013,?????,29,????,22,?????,71,????
82,???? ??????,4017,????? ????,29,????,22,?????,71,????
87,???? ??????,4002,???-??,29,????,22,?????,71,????
102,???? ??????,4003,??-???,29,????,21,???,71,????
107,???? ??????,4012,?????,29,????,22,?????,71,????
113,???? ??????,4301,????,29,????,22,?????,71,????
147,???? ??????,4001,???????,29,????,21,???,0, 
213,???? ??????,4015,??? ?????,29,????,22,?????,71,????
266,???? ??????,4021,???? ????,29,????,22,?????,71,????
330,???? ??????,4022,????,29,????,22,?????,71,????
407,???? ??????,4026,??-??,29,????,22,?????,71,????
439,???? ??????,4005,?????,29,????,22,?????,71,????
492,???? ??????,4007,?????,29,????,22,?????,71,????
550,???? ??????,4028,???,29,????,22,?????,71,????
593,???? ??????,4004,??? ????,29,????,22,?????,71,????
668,???? ??????,4204,???? ???,29,????,22,?????,71,????
681,???? ??????,4201,??'?? ???,29,????,21,???,0, 
720,???? ??????,4019,????,29,????,22,?????,71,????
744,???? ??????,4203,?????,29,????,21,???,0, 
759,???? ??????,4008,???? ????,29,????,22,?????,71,????
783,???? ??????,4101,???? ????,29,????,21,???,71,????
808,???? ??????,4551,???? ????,29,????,22,?????,71,????
819,???? ??????,4304,???,29,????,22,?????,71,????
824,???? ??????,4303,"???? ???""?",29,????,21,???,71,????
856,???? ??????,4014,????,29,????,22,?????,71,????
926,???? ??????,4501,?'?'?,29,????,21,???,0, 
962,???? ??????,4503,??? ?????,29,????,21,???,71,????
975,???? ??????,4502,??? ?????,29,????,21,???,0, 
1067,???? ??????,4025,???? ???,29,????,22,?????,71,????
1080,???? ??????,4024,???,29,????,22,?????,71,????
1083,???? ??????,4100,?????,29,????,22,?????,0, 
1101,???? ??????,4006,???,29,????,22,?????,71,????
1134,???? ??????,4702,????,29,????,22,?????,71,????
1147,???? ??????,4701,??? ???????,29,????,22,?????,71,????
1219,???? ??????,4009,???,29,????,22,?????,71,????
51,???? ??????,882,??????,31,????,31,????,12,??????
53,???? ??????,278,????,31,????,31,????,12,??????
336,???? ??????,494,????? ??-????,31,????,31,????,0, 
409,???? ??????,1321,?'????,31,????,31,????,12,??????
426,???? ??????,4000,????,31,????,31,????,0, 
464,???? ??????,2100,???? ????,31,????,31,????,0, 
478,???? ??????,96,????,31,????,31,????,12,??????
561,???? ??????,220,??? ??????,31,????,31,????,12,??????
568,???? ??????,427,??? ????,31,????,31,????,15,??? ?????
574,???? ??????,254,??? ?????,31,????,31,????,12,??????
576,???? ??????,890,??? ????? ????,31,????,31,????,12,??????
591,???? ??????,112,??? ?????? ?',31,????,31,????,12,??????
592,???? ??????,889,??? ?????? ?',31,????,31,????,12,??????
840,???? ??????,1284,?????,31,????,31,????,12,??????
897,???? ??????,2500,???,31,????,31,????,0, 
997,???? ??????,534,?????,31,????,31,????,0, 
1086,???? ??????,6800,???? ???,31,????,31,????,0, 
1087,???? ??????,9500,???? ??????,31,????,31,????,0, 
1089,???? ??????,2300,???? ?????,31,????,31,????,0, 
1090,???? ??????,9600,???? ??,31,????,31,????,0, 
1093,???? ??????,8200,???? ??????,31,????,31,????,0, 
1104,???? ??????,990,??? ???,31,????,31,????,12,??????
1132,???? ??????,922,?????,31,????,31,????,0, 
1145,???? ??????,178,??? ?????,31,????,31,????,12,??????
1223,???? ??????,237,??? ??????,31,????,31,????,12,??????
15,???? ??????,679,?????,32,????,32,????,45,?????
37,???? ??????,2710,??? ??-???,32,????,23,?????,0, 
38,???? ??????,2024,??? ??-?????,32,????,32,????,14,????
46,???? ??????,1020,??? ?????,32,????,32,????,0, 
83,???? ??????,868,????? ????,32,????,32,????,14,????
98,???? ??????,1316,??-?????,32,????,32,????,14,????
135,???? ??????,6000,???? ??-?????,32,????,32,????,0, 
155,???? ??????,317,??? ????,32,????,32,????,15,??? ?????
178,???? ??????,800,??? ?????,32,????,32,????,15,??? ?????
193,???? ??????,212,??? ???,32,????,32,????,15,??? ?????
220,???? ??????,9800,???????-???? ???,32,????,32,????,0, 
221,???? ??????,1326,"???""?",32,????,32,????,0, 
237,???? ??????,617,?????,32,????,32,????,14,????
246,???? ??????,33,?? ????,32,????,32,????,15,??? ?????
254,???? ??????,683,??? ????,32,????,32,????,15,??? ?????
270,???? ??????,360,"???? ???""?",32,????,32,????,45,?????
307,???? ??????,225,?? ???????,32,????,32,????,14,????
314,???? ??????,72,?? ?????,32,????,32,????,14,????
324,???? ??????,541,?'?? ?-????,32,????,32,????,0, 
333,???? ??????,628,?'?,32,????,32,????,0, 
345,???? ??????,738,???,32,????,32,????,15,??? ?????
361,???? ??????,675,??????,32,????,32,????,15,??? ?????
372,???? ??????,434,???????,32,????,32,????,15,??? ?????
392,???? ??????,9300,????? ????,32,????,32,????,0, 
408,???? ??????,6500,????,32,????,32,????,0, 
453,???? ??????,1247,????,32,????,32,????,0, 
569,???? ??????,310,??? ???????,32,????,32,????,14,????
619,???? ??????,189,??? ????,32,????,32,????,14,????
622,???? ??????,654,??? ???,32,????,32,????,0, 
637,???? ??????,580,"??? ???""?",32,????,32,????,15,??? ?????
651,???? ??????,715,????? ?????,32,????,32,????,14,????
663,???? ??????,2055,????,32,????,32,????,14,????
664,???? ??????,102,???? ????,32,????,32,????,15,??? ?????
677,???? ??????,689,?????,32,????,32,????,15,??? ?????
684,???? ??????,375,???,32,????,32,????,14,????
717,???? ??????,1128,?? ???,32,????,32,????,14,????
719,???? ??????,649,?????,32,????,32,????,14,????
749,???? ??????,694,???? ?????,32,????,32,????,15,??? ?????
755,???? ??????,290,???? ???,32,????,32,????,15,??? ?????
763,???? ??????,1327,???? ?????,32,????,23,?????,0, 
767,???? ??????,344,?????,32,????,32,????,14,????
775,???? ??????,1370,???? ????,32,????,32,????,14,????
780,???? ??????,648,???,32,????,32,????,14,????
802,???? ??????,213,??????,32,????,32,????,14,????
822,???? ??????,926,???? ????,32,????,32,????,0, 
831,???? ??????,312,???? ??,32,????,32,????,15,??? ?????
852,???? ??????,433,???????,32,????,32,????,15,??? ?????
879,???? ??????,769,??? ?????,32,????,32,????,15,??? ?????
933,???? ??????,810,????,32,????,32,????,15,??? ?????
948,???? ??????,687,??? ?????,32,????,32,????,15,??? ?????
954,???? ??????,74,??? ???,32,????,32,????,15,??? ?????
963,???? ??????,1320,??? ???,32,????,32,????,15,??? ?????
970,???? ??????,426,??? ????,32,????,32,????,15,??? ?????
973,???? ??????,223,??? ?????,32,????,32,????,14,????
977,???? ??????,139,??? ???,32,????,32,????,14,????
992,???? ??????,773,?????,32,????,32,????,45,?????
1006,???? ??????,637,?????,32,????,32,????,0, 
1009,???? ??????,53,?????,32,????,32,????,15,??? ?????
1018,???? ??????,537,????????,32,????,32,????,0, 
1030,???? ??????,7800,???? ???-?????,32,????,32,????,0, 
1060,???? ??????,612,?????,32,????,32,????,15,??? ?????
1076,???? ??????,1167,??????,32,????,32,????,15,??? ?????
1081,???? ??????,1243,????,32,????,32,????,14,????
1114,???? ??????,444,?????,32,????,32,????,14,????
1171,???? ??????,2008,??? ????,32,????,32,????,14,????
1178,???? ??????,327,???? ??,32,????,32,????,15,??? ?????
1224,???? ??????,921,??? ????,32,????,32,????,14,????
1255,???? ??????,2003,???? ?????,32,????,32,????,14,????
18,???? ??????,175,??????,41,?????,41,?????,16,??? ???
22,???? ??????,182,??? ?????,41,?????,41,?????,0, 
34,???? ??????,446,?????,41,?????,41,?????,19,??? ?????
41,???? ??????,680,????,41,?????,41,?????,16,??? ???
59,???? ??????,850,??????,41,?????,41,?????,16,??? ???
86,???? ??????,41,??????,41,?????,32,????,0, 
91,???? ??????,204,??????,41,?????,32,????,16,??? ???
121,???? ??????,1324,?????,41,?????,41,?????,19,??? ?????
143,???? ??????,697,????????,41,?????,41,?????,16,??? ???
148,???? ??????,698,??????,41,?????,41,?????,16,??? ???
149,???? ??????,2043,???,41,?????,41,?????,16,??? ???
166,???? ??????,373,??? ????,41,?????,41,?????,16,??? ???
175,???? ??????,877,??? ?????,41,?????,41,?????,16,??? ???
180,???? ??????,288,??? ?????,41,?????,41,?????,19,??? ?????
182,???? ??????,200,??? ????,41,?????,41,?????,16,??? ???
183,???? ??????,326,??? ????-??? ???,41,?????,41,?????,16,??? ???
202,???? ??????,252,???? ????,41,?????,41,?????,16,??? ???
212,???? ??????,386,??? ????,41,?????,41,?????,18,?? ?????
217,???? ??????,418,??? ????,41,?????,41,?????,19,??? ?????
224,???? ??????,389,????,41,?????,41,?????,19,??? ?????
241,???? ??????,1361,?? ??,41,?????,41,?????,16,??? ???
242,???? ??????,1319,?? ???,41,?????,41,?????,16,??? ???
247,???? ??????,872,????? ????,41,?????,32,????,16,??? ???
248,???? ??????,379,??????,41,?????,41,?????,18,?? ?????
263,???? ??????,2018,???? ???? )?????(,41,?????,41,?????,16,??? ???
264,???? ??????,173,???? ???? )?????(,41,?????,41,?????,16,??? ???
274,???? ??????,1077,???? ?????,41,?????,41,?????,16,??? ???
309,???? ??????,734,?? ?????,41,?????,41,?????,16,??? ???
317,???? ??????,549,???? ???,41,?????,41,?????,18,?? ?????
325,???? ??????,842,???,41,?????,41,?????,19,??? ?????
363,???? ??????,191,??? ??,41,?????,41,?????,16,??? ???
375,???? ??????,377,??????,41,?????,32,????,16,??? ???
377,???? ??????,423,?????,41,?????,41,?????,16,??? ???
394,???? ??????,1290,???,41,?????,41,?????,0, 
400,???? ??????,235,????? ?????,41,?????,41,?????,16,??? ???
405,???? ??????,205,????,41,?????,32,????,16,??? ???
418,???? ??????,115,?????,41,?????,41,?????,16,??? ???
424,???? ??????,219,???? ????,41,?????,32,????,16,??? ???
427,???? ??????,162,?????,41,?????,41,?????,18,?? ?????
436,???? ??????,807,?????,41,?????,41,?????,16,??? ???
446,???? ??????,1409,??? ????????,41,?????,41,?????,16,??? ???
451,???? ??????,422,??? ???,41,?????,32,????,16,??? ???
452,???? ??????,1024,??????,41,?????,41,?????,19,??? ?????
460,???? ??????,2730,?????,41,?????,41,?????,0, 
462,???? ??????,2720,????,41,?????,41,?????,0, 
482,???? ??????,758,?? ???,41,?????,41,?????,16,??? ???
499,???? ??????,753,????,41,?????,41,?????,18,?? ?????
506,???? ??????,1044,???,41,?????,41,?????,18,?? ?????
514,???? ??????,417,????,41,?????,41,?????,19,??? ?????
578,???? ??????,187,??? ??,41,?????,41,?????,18,?? ?????
579,???? ??????,217,"??? ???""?",41,?????,32,????,16,??? ???
581,???? ??????,190,??? ??????,41,?????,41,?????,16,??? ???
589,???? ??????,193,??? ????,41,?????,41,?????,16,??? ???
596,???? ??????,233,??? ??????,41,?????,41,?????,16,??? ???
598,???? ??????,168,??? ????,41,?????,41,?????,0, 
600,???? ??????,170,??? ????,41,?????,41,?????,18,?? ?????
603,???? ??????,387,??? ????,41,?????,41,?????,16,??? ???
611,???? ??????,316,??? ???,41,?????,41,?????,19,??? ?????
616,???? ??????,875,??? ?????,41,?????,41,?????,18,?? ?????
670,???? ??????,1318,?????? ??,41,?????,41,?????,16,??? ???
690,???? ??????,897,????? ?????,41,?????,41,?????,16,??? ???
727,???? ??????,382,??????,41,?????,41,?????,16,??? ???
746,???? ??????,197,??????,41,?????,41,?????,16,??? ???
801,???? ??????,194,???? ?????,41,?????,41,?????,16,??? ???
803,???? ??????,425,?????,41,?????,41,?????,18,?? ?????
843,???? ??????,447,??????,41,?????,41,?????,18,?? ?????
866,???? ??????,851,????? ???,41,?????,41,?????,18,?? ?????
888,???? ??????,186,??????,41,?????,41,?????,16,??? ???
903,???? ??????,7400,?????,41,?????,41,?????,0, 
931,???? ??????,737,????,41,?????,41,?????,16,??? ???
939,???? ??????,837,??????,41,?????,41,?????,18,?? ?????
955,???? ??????,167,??? ?????,41,?????,41,?????,16,??? ???
961,???? ??????,157,??? ???,41,?????,41,?????,18,?? ?????
978,???? ??????,880,??? ????,41,?????,41,?????,18,?? ?????
1019,???? ??????,767,????,41,?????,41,?????,18,?? ?????
1031,???? ??????,171,??????,41,?????,41,?????,0, 
1046,???? ??????,1102,???? ??,41,?????,41,?????,16,??? ???
1050,???? ??????,276,??? ???,41,?????,41,?????,18,?? ?????
1065,???? ??????,195,?????-????,41,?????,41,?????,0, 
1079,???? ??????,638,???????,41,?????,41,?????,0, 
1098,???? ??????,412,???? ????,41,?????,41,?????,19,??? ?????
1155,???? ??????,247,?????,41,?????,41,?????,19,??? ?????
1196,???? ??????,224,????? ??????,41,?????,41,?????,16,??? ???
1221,???? ??????,661,??? ?????,41,?????,41,?????,18,?? ?????
1226,???? ??????,232,?????,41,?????,41,?????,19,??? ?????
1247,???? ??????,287,?? ????,41,?????,41,?????,19,??? ?????
1248,???? ??????,154,?? ????,41,?????,41,?????,0, 
1262,???? ??????,2002,??????,41,?????,41,?????,18,?? ?????
64,???? ??????,716,????,42,??? ?????,47,??? ???,20,???? ?????
92,???? ??????,841,??????,42,??? ?????,47,??? ???,20,???? ?????
95,???? ??????,1309,????,42,??? ?????,42,??? ????,0, 
142,???? ??????,450,????? ????,42,??? ?????,42,??? ????,25,??? ???????
160,???? ??????,1076,??? ???,42,??? ?????,47,??? ???,20,???? ?????
215,???? ??????,448,??? ?????,42,??? ?????,42,??? ????,25,??? ???????
239,???? ??????,2038,????,42,??? ?????,42,??? ????,25,??? ???????
261,???? ??????,870,???? ??????,42,??? ?????,42,??? ????,20,???? ?????
265,???? ??????,207,"???? ?""?",42,??? ?????,47,??? ???,20,???? ?????
269,???? ??????,802,"???? ?""?",42,??? ?????,42,??? ????,25,??? ???????
272,???? ??????,681,???? ?????,42,??? ?????,42,??? ????,0, 
301,???? ??????,627,?'??'????,42,??? ?????,47,??? ???,0, 
308,???? ??????,239,?? ????,42,??? ?????,47,??? ???,20,???? ?????
322,???? ??????,218,??? ??,42,??? ?????,47,??? ???,20,???? ?????
323,???? ??????,229,??? ?????,42,??? ?????,42,??? ????,0, 
335,???? ??????,128,?? ?????,42,??? ?????,42,??? ????,20,???? ?????
364,???? ??????,9700,??? ?????,42,??? ?????,47,??? ???,0, 
403,???? ??????,717,????,42,??? ?????,42,??? ????,20,???? ?????
422,???? ??????,355,??????,42,??? ?????,42,??? ????,20,???? ?????
449,???? ??????,1405,"????? ?""?",42,??? ?????,42,??? ????,25,??? ???????
463,???? ??????,663,???? ?????,42,??? ?????,42,??? ????,25,??? ???????
487,???? ??????,9400,????-???????,42,??? ?????,42,??? ????,0, 
522,???? ??????,718,?????,42,??? ?????,47,??? ???,20,???? ?????
524,???? ??????,183,??????,42,??? ?????,47,??? ???,20,???? ?????
536,???? ??????,1224,???? ????,42,??? ?????,47,??? ???,0, 
565,???? ??????,633,??? ???,42,??? ?????,42,??? ????,0, 
605,???? ??????,98,"??? ??""?",42,??? ?????,47,??? ???,20,???? ?????
613,???? ??????,6900,??? ???,42,??? ?????,47,??? ???,0, 
615,???? ??????,249,??? ??????,42,??? ?????,42,??? ????,20,???? ?????
620,???? ??????,634,??? ????,42,??? ?????,42,??? ????,0, 
687,???? ??????,722,???????,42,??? ?????,42,??? ????,20,???? ?????
699,???? ??????,606,????,42,??? ?????,42,??? ????,25,??? ???????
768,???? ??????,230,???,42,??? ?????,42,??? ????,20,???? ?????
805,???? ??????,1315,???,42,??? ?????,42,??? ????,20,???? ?????
832,???? ??????,686,???? ????,42,??? ?????,47,??? ???,20,???? ?????
833,???? ??????,858,???? ???,42,??? ?????,42,??? ????,20,???? ?????
841,???? ??????,257,????,42,??? ?????,42,??? ????,25,??? ???????
849,???? ??????,449,?????,42,??? ?????,42,??? ????,25,??? ???????
854,???? ??????,705,???????,42,??? ?????,42,??? ????,20,???? ?????
868,???? ??????,808,??? ?????,42,??? ?????,47,??? ???,20,???? ?????
883,???? ??????,1236,?????,42,??? ?????,47,??? ???,20,???? ?????
906,???? ??????,587,?????,42,??? ?????,42,??? ????,0, 
928,???? ??????,2035,?????,42,??? ?????,42,??? ????,20,???? ?????
980,???? ??????,871,????,42,??? ?????,42,??? ????,20,???? ?????
1035,???? ??????,7900,??? ?????,42,??? ?????,42,??? ????,0, 
1044,???? ??????,198,?????,42,??? ?????,47,??? ???,20,???? ?????
1049,???? ??????,1345,??? ????,42,??? ?????,47,??? ???,20,???? ?????
1051,???? ??????,1148,??? ???,42,??? ?????,47,??? ???,20,???? ?????
1105,???? ??????,2640,??? ????,42,??? ?????,42,??? ????,0, 
1131,???? ??????,616,??????,42,??? ?????,42,??? ????,25,??? ???????
1135,???? ??????,206,???? ?????,42,??? ?????,47,??? ???,20,???? ?????
1142,???? ??????,184,??? ?????,42,??? ?????,47,??? ???,20,???? ?????
1153,???? ??????,8700,?????,42,??? ?????,47,??? ???,0, 
1168,???? ??????,284,??? ??????,42,??? ?????,47,??? ???,20,???? ?????
1181,???? ??????,2015,??? ???,42,??? ?????,47,??? ???,20,???? ?????
60,???? ??????,804,??????,43,????,43,????,25,??? ???????
61,???? ??????,797,??????,43,????,43,????,40,??? ???
139,???? ??????,2530,??? ????,43,????,43,????,0, 
164,???? ??????,466,??? ???,43,????,43,????,0, 
179,???? ??????,1050,??? ???????,43,????,43,????,30,???
186,???? ??????,784,??? ?????,43,????,43,????,25,??? ???????
190,???? ??????,301,??? ??????,43,????,43,????,30,???
192,???? ??????,604,??? ????,43,????,43,????,25,??? ???????
207,???? ??????,1084,?? ??? )??? ????(,43,????,43,????,25,??? ???????
208,???? ??????,2013,?? ??? )????(,43,????,43,????,25,??? ???????
289,???? ??????,370,???,43,????,43,????,30,???
297,???? ??????,863,??????,43,????,43,????,25,??? ???????
305,???? ??????,745,????,43,????,43,????,25,??? ???????
316,???? ??????,836,????,43,????,43,????,40,??? ???
318,???? ??????,1103,??? ???,43,????,43,????,30,???
391,???? ??????,788,????,43,????,43,????,40,??? ???
406,???? ??????,618,????,43,????,43,????,25,??? ???????
412,???? ??????,160,?????,43,????,43,????,30,???
432,???? ??????,801,???,43,????,43,????,40,??? ???
447,???? ??????,1402,????? ?????,43,????,43,????,30,???
479,???? ??????,798,???,43,????,43,????,40,??? ???
485,???? ??????,64,"?? ???""?",43,????,43,????,30,???
513,???? ??????,759,????,43,????,43,????,30,???
527,???? ??????,828,????,43,????,43,????,30,???
564,???? ??????,2010,??? ?? ???,43,????,43,????,30,???
571,???? ??????,707,??? ?????,43,????,43,????,25,??? ???????
586,???? ??????,696,"??? ??""?",43,????,43,????,40,??? ???
594,???? ??????,673,??? ?????,43,????,43,????,25,??? ???????
626,???? ??????,1166,??? ???,43,????,43,????,25,??? ???????
628,???? ??????,743,??? ?????,43,????,43,????,30,???
635,???? ??????,88,??? ?? ???,43,????,43,????,25,??? ???????
639,???? ??????,1264,???? ????,43,????,43,????,30,???
653,???? ??????,7000,???,43,????,43,????,0, 
660,???? ??????,1310,????,43,????,43,????,25,??? ???????
669,???? ??????,1141,???? ???????,43,????,43,????,25,??? ???????
692,???? ??????,1200,???????-?????-????,43,????,43,????,0, 
772,???? ??????,757,?????,43,????,43,????,30,???
795,???? ??????,670,???? ??????,43,????,43,????,30,???
796,???? ??????,563,???? ???,43,????,43,????,30,???
800,???? ??????,729,???? ?????,43,????,43,????,40,??? ???
838,???? ??????,1333,??? ??????,43,????,43,????,30,???
881,???? ??????,331,??? ???,43,????,43,????,40,??? ???
891,???? ??????,158,???,43,????,43,????,30,???
894,???? ??????,435,??? ????,43,????,43,????,30,???
922,???? ??????,610,?????,43,????,43,????,30,???
940,???? ??????,711,?????,43,????,43,????,30,???
1014,???? ??????,838,????,43,????,43,????,30,???
1036,???? ??????,839,?????,43,????,43,????,30,???
1057,???? ??????,594,?????,43,????,43,????,40,??? ???
1136,???? ??????,735,???? ????,43,????,43,????,30,???
1139,???? ??????,8500,????,43,????,43,????,0, 
1190,???? ??????,1304,????,43,????,43,????,0, 
1204,???? ??????,1165,????,43,????,43,????,25,??? ???????
1220,???? ??????,856,??????,43,????,43,????,30,???
70,???? ??????,1336,?????,44,??????,44,??????,27,?? ????
157,???? ??????,562,??? ??????,44,??????,44,??????,28,????
162,???? ??????,571,??? ??????,44,??????,44,??????,29,??? ????
176,???? ??????,2033,??? ?????,44,??????,44,??????,31,??? ????
177,???? ??????,159,??? ???,44,??????,44,??????,27,?? ????
189,???? ??????,202,??? ????,44,??????,44,??????,27,?? ????
196,???? ??????,848,??? ???,44,??????,44,??????,29,??? ????
205,???? ??????,760,?? ????,44,??????,44,??????,29,??? ????
211,???? ??????,592,??? ????,44,??????,44,??????,29,??? ????
216,???? ??????,1066,"??? ??""?",44,??????,44,??????,0, 
218,???? ??????,588,??? ???,44,??????,44,??????,31,??? ????
219,???? ??????,685,????,44,??????,44,??????,28,????
249,???? ??????,853,?????,44,??????,44,??????,27,?? ????
260,???? ??????,147,???? ????,44,??????,44,??????,28,????
283,???? ??????,2550,????,44,??????,44,??????,0, 
291,???? ??????,196,??????,44,??????,44,??????,28,????
306,???? ??????,1072,?? ?????,44,??????,44,??????,32,?????
310,???? ??????,166,?? ????,44,??????,44,??????,0, 
312,???? ??????,311,?? ????,44,??????,44,??????,27,?? ????
313,???? ??????,144,?? ????,44,??????,44,??????,28,????
319,???? ??????,1371,??? ??,44,??????,44,??????,31,??? ????
320,???? ??????,862,??? ?????,44,??????,44,??????,30,???
440,???? ??????,363,??? ????,44,??????,44,??????,31,??? ????
477,???? ??????,2660,????,44,??????,44,??????,0, 
480,???? ??????,577,?? ??????,44,??????,44,??????,31,??? ????
502,???? ??????,440,??????,44,??????,44,??????,31,??? ????
557,???? ??????,857,??? ????,44,??????,44,??????,32,?????
562,???? ??????,177,"??? ???""?",44,??????,44,??????,30,???
575,???? ??????,582,??? ?????,44,??????,44,??????,27,?? ????
610,???? ??????,764,??? ?????,44,??????,44,??????,32,?????
636,???? ??????,1094,??? ???? )?????(,44,??????,44,??????,29,??? ????
700,???? ??????,28,????? ????,44,??????,44,??????,0, 
704,???? ??????,1411,???? ????,44,??????,46,????? ?????,27,?? ????
712,???? ??????,1412,???? ?? ???,44,??????,46,????? ?????,28,????
723,???? ??????,731,????,44,??????,44,??????,32,?????
789,???? ??????,765,???? ??,44,??????,44,??????,32,?????
858,???? ??????,174,?????,44,??????,44,??????,27,?? ????
870,???? ??????,720,??? ????,44,??????,44,??????,29,??? ????
887,???? ??????,7200,?? ?????,44,??????,44,??????,0, 
893,???? ??????,1372,??? ????,44,??????,44,??????,31,??? ????
946,???? ??????,156,??????,44,??????,44,??????,27,?? ????
1008,???? ??????,591,????,44,??????,44,??????,32,?????
1022,???? ??????,597,??????,44,??????,44,??????,27,?? ????
1042,???? ??????,1111,?????,44,??????,44,??????,29,??? ????
1063,???? ??????,334,????? ????,44,??????,44,??????,29,??? ????
1069,???? ??????,615,?????,44,??????,44,??????,28,????
1097,???? ??????,469,???? ?????,44,??????,44,??????,0, 
1108,???? ??????,8300,????? ?????,44,??????,46,????? ?????,0, 
1125,???? ??????,8400,??????,44,??????,44,??????,0, 
1183,???? ??????,555,????,44,??????,44,??????,32,?????
303,???? ??????,346,???? ??,51,?? ????,57,??????,19,??? ?????
383,???? ??????,6400,??????,51,?? ????,57,??????,0, 
629,???? ??????,267,??? ??????,51,?? ????,57,??????,0, 
1144,???? ??????,2650,??? ?????,51,?? ????,57,??????,0, 
1245,???? ??????,5000,?? ???? - ???,51,?? ????,51,"?""? - ????",0, 
45,???? ??????,2400,??? ?????,52,??? ??,52,??? ??,0, 
209,???? ??????,6100,??? ???,52,??? ??,54,??? ???,0, 
276,???? ??????,6300,???????,52,??? ??,52,??? ??,0, 
1084,???? ??????,2620,???? ????,52,??? ??,52,??? ??,0, 
1140,???? ??????,8600,??? ??,52,??? ??,52,??? ??,0, 
54,???? ??????,565,????,53,?????,53,?????,0, 
244,???? ??????,6200,?? ??,53,?????,53,?????,0, 
413,???? ??????,6600,?????,53,?????,53,?????,0, 
781,???? ??????,22,????? ?????,53,?????,53,?????,0, 
17,???? ??????,819,???????,61,??????,61,??????,33,??? ?????
25,???? ??????,400,??? ?????,61,??????,61,??????,34,????
44,???? ??????,67,??? ???,61,??????,61,??????,37,??? ????
48,???? ??????,2012,?????,61,??????,61,??????,33,??? ?????
55,???? ??????,1157,?????,61,??????,61,??????,33,??? ?????
56,???? ??????,821,?????,61,??????,61,??????,50,????
63,???? ??????,338,?????,61,??????,61,??????,37,??? ????
72,???? ??????,37,????,61,??????,61,??????,34,????
76,???? ??????,1145,?????,61,??????,61,??????,34,????
85,???? ??????,1365,?????,61,??????,61,??????,50,????
96,???? ??????,1339,??-???,61,??????,61,??????,35,????
103,???? ??????,772,??????,61,??????,61,??????,33,??? ?????
106,???? ??????,23,?????,61,??????,61,??????,50,????
119,???? ??????,714,???,61,??????,61,??????,37,??? ????
124,???? ??????,70,?????,61,??????,69,?????,0, 
131,???? ??????,7100,??????,61,??????,61,??????,0, 
138,???? ??????,155,??? ?????,61,??????,61,??????,33,??? ?????
151,???? ??????,234,??????,61,??????,61,??????,33,??? ?????
161,???? ??????,619,??? ??????,61,??????,61,??????,35,????
187,???? ??????,16,??? ???,61,??????,61,??????,35,????
191,???? ??????,756,??? ????,61,??????,61,??????,33,??? ?????
201,???? ??????,747,??? ????,61,??????,61,??????,36,??? ??????
210,???? ??????,1368,??? ?????,61,??????,61,??????,50,????
231,???? ??????,428,???? ???,61,??????,61,??????,37,??? ????
234,???? ??????,746,?????,61,??????,61,??????,36,??? ??????
240,???? ??????,1323,?? ???,61,??????,61,??????,36,??? ??????
243,???? ??????,1401,?? ????,61,??????,61,??????,33,??? ?????
251,???? ??????,424,????,61,??????,61,??????,37,??? ????
275,???? ??????,793,?????,61,??????,61,??????,33,??? ?????
277,???? ??????,342,?????,61,??????,61,??????,36,??? ??????
290,???? ??????,706,????,61,??????,61,??????,36,??? ??????
300,???? ??????,393,?????,61,??????,61,??????,35,????
334,???? ??????,340,?? )?????(,61,??????,61,??????,35,????
346,???? ??????,336,?????,61,??????,61,??????,37,??? ????
365,???? ??????,726,?????,61,??????,61,??????,36,??? ??????
386,???? ??????,1133,?????,61,??????,61,??????,35,????
388,???? ??????,815,??????,61,??????,61,??????,34,????
389,???? ??????,44,????,61,??????,61,??????,50,????
390,???? ??????,584,?????,61,??????,61,??????,36,??? ??????
399,???? ??????,818,?????,61,??????,61,??????,34,????
430,???? ??????,820,???,61,??????,61,??????,36,??? ??????
442,???? ??????,700,???,61,??????,61,??????,33,??? ?????
445,???? ??????,406,????-?????,61,??????,61,??????,33,??? ?????
483,???? ??????,358,?? ?????,61,??????,61,??????,36,??? ??????
484,???? ??????,775,?? ???,61,??????,61,??????,50,????
498,???? ??????,811,?????,61,??????,61,??????,37,??? ????
500,???? ??????,2011,????,61,??????,61,??????,33,??? ?????
538,???? ??????,824,???? ?????,61,??????,61,??????,36,??? ??????
549,???? ??????,2006,????,61,??????,61,??????,33,??? ?????
560,???? ??????,690,??? ????,61,??????,61,??????,33,??? ?????
580,???? ??????,888,"??? ???""?",61,??????,61,??????,35,????
582,???? ??????,320,??? ??????,61,??????,61,??????,33,??? ?????
607,???? ??????,274,??? ????,61,??????,61,??????,35,????
614,???? ??????,107,??? ?????,61,??????,61,??????,36,??? ??????
617,???? ??????,845,??? ???,61,??????,61,??????,37,??? ????
642,???? ??????,768,?????,61,??????,61,??????,36,??? ??????
659,???? ??????,24,????,61,??????,61,??????,50,????
673,???? ??????,573,???????,61,??????,61,??????,36,??? ??????
710,???? ??????,1414,???? ????,61,??????,61,??????,33,??? ?????
733,???? ??????,2030,?????,61,??????,61,??????,50,????
769,???? ??????,668,??????,61,??????,61,??????,37,??? ????
787,???? ??????,1098,???? ?????,61,??????,61,??????,34,????
793,???? ??????,620,?????? ????,61,??????,61,??????,34,????
804,???? ??????,791,????,61,??????,61,??????,36,??? ??????
814,???? ??????,315,????,61,??????,61,??????,35,????
816,???? ??????,309,?????,61,??????,61,??????,50,????
820,???? ??????,55,????,61,??????,61,??????,50,????
834,???? ??????,827,???? ????,61,??????,61,??????,33,??? ?????
837,???? ??????,15,????,61,??????,61,??????,34,????
846,???? ??????,844,??? ???,61,??????,61,??????,37,??? ????
847,???? ??????,2045,????,61,??????,61,??????,35,????
857,???? ??????,1369,???,61,??????,61,??????,50,????
862,???? ??????,351,????,61,??????,61,??????,36,??? ??????
863,???? ??????,1419,???? ?',61,??????,61,??????,36,??? ??????
867,???? ??????,359,??????,61,??????,61,??????,36,??? ??????
869,???? ??????,553,??? ????,61,??????,61,??????,33,??? ?????
872,???? ??????,11,"??? ?""?",61,??????,61,??????,50,????
875,???? ??????,699,??? ?????,61,??????,61,??????,36,??? ??????
878,???? ??????,348,??? ??,61,??????,61,??????,37,??? ????
900,???? ??????,1242,???? ?????,61,??????,61,??????,36,??? ??????
907,???? ??????,2046,?????,61,??????,61,??????,35,????
929,???? ??????,826,????,61,??????,61,??????,34,????
935,???? ??????,32,????,61,??????,61,??????,50,????
938,???? ??????,1149,???,61,??????,61,??????,33,??? ?????
941,???? ??????,817,??????,61,??????,61,??????,33,??? ?????
974,???? ??????,622,??? ?????,61,??????,61,??????,34,????
1005,???? ??????,593,??????,61,??????,61,??????,33,??? ?????
1066,???? ??????,392,????,61,??????,61,??????,35,????
1073,???? ??????,766,???????,61,??????,61,??????,34,????
1088,???? ??????,2630,???? ??,61,??????,61,??????,0, 
1094,???? ??????,1034,???? ?????,61,??????,61,??????,0, 
1110,???? ??????,564,?????,61,??????,61,??????,35,????
1116,???? ??????,2051,?????,61,??????,61,??????,34,????
1119,???? ??????,362,?????,61,??????,61,??????,37,??? ????
1167,???? ??????,36,??? ???,61,??????,61,??????,50,????
1169,???? ??????,293,??? ????,61,??????,61,??????,35,????
1172,???? ??????,18,??? ???,61,??????,61,??????,50,????
1176,???? ??????,739,??? ??????,61,??????,61,??????,33,??? ?????
1186,???? ??????,1031,?????,61,??????,61,??????,0, 
1198,???? ??????,7,???,61,??????,61,??????,50,????
1206,???? ??????,873,?????,61,??????,61,??????,34,????
1227,???? ??????,692,????,61,??????,61,??????,34,????
1231,???? ??????,1233,???,61,??????,61,??????,50,????
1237,???? ??????,763,??????,61,??????,61,??????,33,??? ?????
1243,???? ??????,163,???????,61,??????,61,??????,33,??? ?????
1258,???? ??????,727,???? ?????,61,??????,61,??????,33,??? ?????
1259,???? ??????,744,???? ???,61,??????,61,??????,36,??? ??????
1260,???? ??????,814,?????,61,??????,61,??????,50,????
29,???? ??????,1311,??????,62,??? ???,62,??? ???,38,?????
36,???? ??????,1046,????,62,??? ???,62,??? ???,38,?????
39,???? ??????,1358,??? ????,62,??? ???,62,??? ???,69,?? ????
42,???? ??????,31,??????,62,??? ???,62,??? ???,0, 
50,???? ??????,403,?????,62,??? ???,62,??? ???,38,?????
62,???? ??????,965,???? )???(,62,??? ???,62,??? ???,0, 
67,???? ??????,1126,?????,62,??? ???,63,????,53,??? ?????
69,???? ??????,2600,????,62,??? ???,63,????,0, 
75,???? ??????,1359,?? ????,62,??? ???,62,??? ???,69,?? ????
88,???? ??????,1248,?????,62,??? ???,63,????,53,??? ?????
108,???? ??????,960,??? )???(,62,??? ???,62,??? ???,0, 
111,???? ??????,963,???? )???(,62,??? ???,62,??? ???,0, 
112,???? ??????,959,?????? )???(,62,??? ???,62,??? ???,0, 
122,???? ??????,71,?????,62,??? ???,62,??? ???,42,??????
129,???? ??????,2021,??? ?????,62,??? ???,62,??? ???,42,??????
130,???? ??????,1152,?????,62,??? ???,62,??? ???,48,??? ???
136,???? ??????,21,??? ????,62,??? ???,63,????,53,??? ?????
137,???? ??????,1376,??? ????,62,??? ???,61,??????,36,??? ??????
140,???? ??????,1278,??? ?????,62,??? ???,62,??? ???,48,??? ???
141,???? ??????,9000,??? ???,62,??? ???,62,??? ???,0, 
144,???? ??????,399,????,62,??? ???,62,??? ???,38,?????
150,???? ??????,762,????,62,??? ???,62,??? ???,42,??????
153,???? ??????,1348,??? ????',62,??? ???,62,??? ???,68,???? ????
165,???? ??????,723,??? ????,62,??? ???,62,??? ???,39,???? ???
194,???? ??????,598,??? ???,62,??? ???,62,??? ???,41,??? ?????
214,???? ??????,1363,??? ?????,62,??? ???,62,??? ???,38,?????
232,???? ??????,2060,????,62,??? ???,62,??? ???,41,??? ?????
250,???? ??????,352,??????,62,??? ???,62,??? ???,38,?????
255,???? ??????,2014,???????,62,??? ???,62,??? ???,39,???? ???
257,???? ??????,1344,????? ??,62,??? ???,62,??? ???,41,??? ?????
294,???? ??????,736,????,62,??? ???,62,??? ???,42,??????
315,???? ??????,976,?'????? )???(,62,??? ???,62,??? ???,0, 
328,???? ??????,1129,??????,62,??? ???,63,????,53,??? ?????
339,???? ??????,849,?????,62,??? ???,62,??? ???,41,??? ?????
351,???? ??????,2200,??????,62,??? ???,62,??? ???,0, 
358,???? ??????,1241,???,62,??? ???,62,??? ???,38,?????
359,???? ??????,1349,????'??,62,??? ???,62,??? ???,69,?? ????
367,???? ??????,1169,??????? )???(,62,??? ???,62,??? ???,0, 
368,???? ??????,956,?????? )???(,62,??? ???,62,??? ???,0, 
380,???? ??????,1261,?? ????,62,??? ???,62,??? ???,51,???
387,???? ??????,2742,?????? )???(,62,??? ???,62,??? ???,0, 
395,???? ??????,1065,????,62,??? ???,62,??? ???,39,???? ???
397,???? ??????,2064,?????,62,??? ???,62,??? ???,39,???? ???
414,???? ??????,1239,?????,62,??? ???,62,??? ???,38,?????
420,???? ??????,1303,????,62,??? ???,62,??? ???,0, 
443,???? ??????,13,????,62,??? ???,63,????,54,????? ???????
450,???? ??????,397,?????,62,??? ???,62,??? ???,41,??? ?????
468,???? ??????,1177,?????,62,??? ???,62,??? ???,48,??? ???
475,???? ??????,1232,????,62,??? ???,62,??? ???,38,?????
488,???? ??????,1158,???,62,??? ???,63,????,53,??? ?????
493,???? ??????,803,???????,62,??? ???,62,??? ???,39,???? ???
496,???? ??????,866,?????,62,??? ???,63,????,53,??? ?????
520,???? ??????,831,?????,62,??? ???,62,??? ???,0, 
525,???? ??????,916,???,62,??? ???,62,??? ???,38,?????
528,???? ??????,1227,???,62,??? ???,62,??? ???,38,?????
529,???? ??????,1329,????,62,??? ???,62,??? ???,0, 
541,???? ??????,1367,????,62,??? ???,62,??? ???,69,?? ????
542,???? ??????,840,???????,62,??? ???,62,??? ???,38,?????
547,???? ??????,1291,?????,62,??? ???,62,??? ???,48,??? ???
553,???? ??????,1059,?????,62,??? ???,62,??? ???,0, 
604,???? ??????,1095,??? ?????,62,??? ???,62,??? ???,39,???? ???
638,???? ??????,1085,??? ????,62,??? ???,62,??? ???,38,?????
643,???? ??????,1198,?????,62,??? ???,62,??? ???,41,??? ?????
649,???? ??????,2023,???,62,??? ???,62,??? ???,41,??? ?????
652,???? ??????,1271,?????,62,??? ???,62,??? ???,0, 
657,???? ??????,1255,????,62,??? ???,63,????,53,??? ?????
662,???? ??????,1060,????,62,??? ???,62,??? ???,0, 
671,???? ??????,1080,??????,62,??? ???,62,??? ???,42,??????
672,???? ??????,829,??????,62,??? ???,62,??? ???,38,?????
685,???? ??????,695,???,62,??? ???,62,??? ???,38,?????
689,???? ??????,1140,????? ?? ??????,62,??? ???,62,??? ???,48,??? ???
693,???? ??????,1360,?????,62,??? ???,62,??? ???,69,?? ????
705,???? ??????,1418,???? ???,62,??? ???,62,??? ???,48,??? ???
707,???? ??????,1416,???? ?????,62,??? ???,63,????,53,??? ?????
708,???? ??????,1415,???? ???,62,??? ???,62,??? ???,42,??????
709,???? ??????,1196,???? ????,62,??? ???,62,??? ???,0, 
711,???? ??????,1417,???? ???,62,??? ???,62,??? ???,0, 
724,???? ??????,1268,????,62,??? ???,62,??? ???,0, 
726,???? ??????,1343,?????,62,??? ???,62,??? ???,69,?? ????
730,???? ??????,2044,??????,62,??? ???,62,??? ???,39,???? ???
743,???? ??????,748,?????,62,??? ???,62,??? ???,42,??????
745,???? ??????,939,??????? ??-??????,62,??? ???,62,??? ???,0, 
747,???? ??????,1082,??????,62,??? ???,62,??? ???,39,???? ???
778,???? ??????,99,???? ????,62,??? ???,62,??? ???,0, 
784,???? ??????,1340,???? ??,62,??? ???,62,??? ???,48,??? ???
788,???? ??????,421,????? ???,62,??? ???,62,??? ???,48,??? ???
798,???? ??????,395,???? ????,62,??? ???,62,??? ???,41,??? ?????
809,???? ??????,1124,???? ?????,62,??? ???,62,??? ???,51,???
811,???? ??????,1197,???? ????,62,??? ???,63,????,53,??? ?????
813,???? ??????,396,?????,62,??? ???,62,??? ???,41,??? ?????
821,???? ??????,1366,????,62,??? ???,62,??? ???,38,?????
828,???? ??????,1057,???? ????,62,??? ???,62,??? ???,51,???
830,???? ??????,1279,???? ????,62,??? ???,63,????,53,??? ?????
864,???? ??????,1195,????? )????? ?????(,62,??? ???,62,??? ???,48,??? ???
865,???? ??????,1280,????? ????,62,??? ???,62,??? ???,48,??? ???
874,???? ??????,402,??? ????,62,??? ???,62,??? ???,38,?????
876,???? ??????,2047,??? ???,62,??? ???,62,??? ???,42,??????
877,???? ??????,69,??? ???,62,??? ???,62,??? ???,38,?????
880,???? ??????,2048,??? ?????,62,??? ???,62,??? ???,42,??????
882,???? ??????,602,?????,62,??? ???,62,??? ???,38,?????
892,???? ??????,1041,?????? )???(,62,??? ???,62,??? ???,0, 
902,???? ??????,246,??????,62,??? ???,62,??? ???,0, 
912,???? ??????,1238,????,62,??? ???,62,??? ???,38,?????
914,???? ??????,1170,???? )???(,62,??? ???,62,??? ???,0, 
917,???? ??????,1156,???,62,??? ???,63,????,53,??? ?????
919,???? ??????,419,???,62,??? ???,62,??? ???,39,???? ???
921,???? ??????,1176,????,62,??? ???,63,????,54,????? ???????
932,???? ??????,666,????,62,??? ???,62,??? ???,0, 
936,???? ??????,957,????? )??? ?????(,62,??? ???,62,??? ???,0, 
937,???? ??????,328,????,62,??? ???,62,??? ???,48,??? ???
942,???? ??????,969,??????? )???(,62,??? ???,62,??? ???,0, 
944,???? ??????,1175,????,62,??? ???,62,??? ???,54,????? ???????
951,???? ??????,2042,??? ???,62,??? ???,62,??? ???,51,???
953,???? ??????,1240,??? ?????,62,??? ???,62,??? ???,38,?????
960,???? ??????,676,??? ??????,62,??? ???,62,??? ???,38,?????
964,???? ??????,1053,??? ????,62,??? ???,63,????,51,???
967,???? ??????,806,??? ???,62,??? ???,63,????,54,????? ???????
979,???? ??????,1251,??? ???,62,??? ???,62,??? ???,51,???
981,???? ??????,1187,??? ?????,62,??? ???,62,??? ???,54,????? ???????
983,???? ??????,1146,??????,62,??? ???,62,??? ???,39,???? ???
991,???? ??????,318,??????,62,??? ???,62,??? ???,38,?????
1004,???? ??????,2560,???,62,??? ???,62,??? ???,0, 
1007,???? ??????,1192,?????-????,62,??? ???,62,??? ???,0, 
1011,???? ??????,1151,????,62,??? ???,63,????,54,????? ???????
1013,???? ??????,750,??????,62,??? ???,62,??? ???,42,??????
1020,???? ??????,749,????,62,??? ???,62,??? ???,42,??????
1026,???? ??????,2059,"???? ??""?",62,??? ???,62,??? ???,42,??????
1034,???? ??????,1231,??? ??,62,??? ???,62,??? ???,38,?????
1037,???? ??????,413,?????,62,??? ???,62,??? ???,38,?????
1041,???? ??????,1136,????,62,??? ???,62,??? ???,38,?????
1045,???? ??????,1150,????,62,??? ???,63,????,54,????? ???????
1047,???? ??????,1262,?????,62,??? ???,62,??? ???,54,????? ???????
1062,???? ??????,1234,????? )???(,62,??? ???,62,??? ???,0, 
1071,???? ??????,964,???????? ?-????)???(,62,??? ???,62,??? ???,0, 
1072,???? ??????,972,??????? )???(,62,??? ???,62,??? ???,0, 
1075,???? ??????,1052,?????,62,??? ???,63,????,53,??? ?????
1077,???? ??????,414,?????,62,??? ???,62,??? ???,42,??????
1082,???? ??????,1347,??? ?-??,62,??? ???,62,??? ???,68,???? ????
1111,???? ??????,354,??????,62,??? ???,62,??? ???,48,??? ???
1115,???? ??????,1161,???,62,??? ???,62,??? ???,0, 
1118,???? ??????,1341,??? ????,62,??? ???,62,??? ???,48,??? ???
1151,???? ??????,789,???,62,??? ???,62,??? ???,42,??????
1152,???? ??????,713,????,62,??? ???,62,??? ???,38,?????
1157,???? ??????,1260,?????,62,??? ???,62,??? ???,48,??? ???
1162,???? ??????,1286,???-????,62,??? ???,62,??? ???,0, 
1166,???? ??????,885,??? ????,62,??? ???,62,??? ???,48,??? ???
1175,???? ??????,1058,??? ????,62,??? ???,62,??? ???,38,?????
1177,???? ??????,2049,??? ???,62,??? ???,62,??? ???,42,??????
1180,???? ??????,1223,??? ?????,62,??? ???,62,??? ???,38,?????
1188,???? ??????,761,????,62,??? ???,62,??? ???,39,???? ???
1189,???? ??????,394,????,62,??? ???,62,??? ???,41,??? ?????
1192,???? ??????,1265,??????,62,??? ???,62,??? ???,41,??? ?????
1193,???? ??????,415,?????,62,??? ???,62,??? ???,39,???? ???
1199,???? ??????,1266,?????,62,??? ???,63,????,53,??? ?????
1200,???? ??????,865,???????,62,??? ???,62,??? ???,39,???? ???
1201,???? ??????,1267,?????,62,??? ???,63,????,53,??? ?????
1207,???? ??????,1373,????? ?????,62,??? ???,62,??? ???,48,??? ???
1210,???? ??????,1364,??????,62,??? ???,62,??? ???,38,?????
1215,???? ??????,1287,???,62,??? ???,62,??? ???,78,?? ?????
1235,???? ??????,398,?????,62,??? ???,62,??? ???,39,???? ???
1238,???? ??????,2062,?????,62,??? ???,62,??? ???,41,??? ?????
1239,???? ??????,2061,????,62,??? ???,62,??? ???,41,??? ?????
1242,???? ??????,1083,?????,62,??? ???,62,??? ???,39,???? ???
1251,???? ??????,1054,?? ???,62,??? ???,62,??? ???,0, 
1254,???? ??????,1051,???? ?????,62,??? ???,62,??? ???,38,?????
1256,???? ??????,2050,"???? ???""?",62,??? ???,62,??? ???,42,??????
1257,???? ??????,1237,???? ????,62,??? ???,62,??? ???,38,?????
1264,???? ??????,709,????,62,??? ???,62,??? ???,42,??????
1265,???? ??????,665,?????,62,??? ???,62,??? ???,39,???? ???
1267,???? ??????,970,?????? ?-???? )???(,62,??? ???,62,??? ???,0, 
1268,???? ??????,1346,?????? ?-????)????(,62,??? ???,62,??? ???,69,?? ????
425,???? ??????,3643,??????,71,?'???,32,????,72,??????
454,???? ??????,3717,????,71,?'???,32,????,72,??????
666,???? ??????,3569,???? ????,71,?'???,32,????,72,??????
1128,???? ??????,3568,????,71,?'???,32,????,72,??????
1230,???? ??????,3649,???,71,?'???,32,????,72,??????
71,???? ??????,3762,?????,72,???,48,?????,72,??????
79,???? ??????,3579,???? ????,72,???,48,?????,72,??????
233,???? ??????,3710,????,72,???,48,?????,72,??????
512,???? ??????,3749,????,72,???,48,?????,72,??????
682,???? ??????,3751,??????,72,???,48,?????,72,??????
984,???? ??????,3765,???,72,???,48,?????,73,??? ??????
1109,???? ??????,3795,????,72,???,48,?????,72,??????
1126,???? ??????,3822,?????,72,???,48,?????,72,??????
1160,???? ??????,3571,??? ??????,72,???,41,?????,72,??????
27,???? ??????,3793,???? ???,73,??? ???,41,?????,72,??????
52,???? ??????,3760,??????,73,??? ???,42,??? ????,0, 
99,???? ??????,3750,???? ????,73,??? ???,47,??? ???,0, 
101,???? ??????,3560,?????,73,??? ???,42,??? ????,0, 
120,???? ??????,3570,?????,73,??? ???,48,?????,0, 
230,???? ??????,3744,??????,73,??? ???,48,?????,72,??????
238,???? ??????,3654,????,73,??? ???,48,?????,72,??????
515,???? ??????,3647,????,73,??? ???,48,?????,72,??????
631,???? ??????,3572,??? ????,73,??? ???,48,?????,72,??????
765,???? ??????,3637,???? ??????,73,??? ???,48,?????,72,??????
839,???? ??????,3790,?????,73,??? ???,48,?????,72,??????
916,???? ??????,3567,?????,73,??? ???,42,??? ????,72,??????
985,???? ??????,3727,??? ???,73,??? ???,48,?????,72,??????
994,???? ??????,3660,??????,73,??? ???,48,?????,0, 
996,???? ??????,3712,???,73,??? ???,41,?????,72,??????
999,???? ??????,3778,?? ?????,73,??? ???,42,??? ????,72,??????
1012,???? ??????,3768,?????,73,??? ???,48,?????,72,??????
1043,???? ??????,3791,?????,73,??? ???,42,??? ????,72,??????
1064,???? ??????,3557,??????,73,??? ???,47,??? ???,0, 
1095,???? ??????,3746,???? ?????,73,??? ???,48,?????,72,??????
1100,???? ??????,3640,???? ??????,73,??? ???,48,?????,0, 
1225,???? ??????,3720,???? ?????,73,??? ???,42,??? ????,72,??????
156,???? ??????,3574,??? ??,74,???????,11,???????,0, 
159,???? ??????,3652,??? ????,74,???????,43,????,0, 
174,???? ??????,3575,??? ?????,74,???????,11,???????,73,??? ??????
253,???? ??????,3763,??? ??????,74,???????,11,???????,73,??? ??????
256,???? ??????,3644,????? ?????,74,???????,11,???????,73,??? ??????
262,???? ??????,3730,???? ???,74,???????,11,???????,0, 
321,???? ??????,3823,??? ???????,74,???????,11,???????,73,??? ??????
344,???? ??????,3747,????,74,???????,11,???????,73,??? ??????
378,???? ??????,3769,?? ???,74,???????,11,???????,0, 
429,???? ??????,3573,?????,74,???????,11,???????,73,??? ??????
456,???? ??????,3770,????????,74,???????,11,???????,73,??? ??????
469,???? ??????,3788,?????,74,???????,11,???????,73,??? ??????
535,???? ??????,3564,???? ????,74,???????,11,???????,73,??? ??????
537,???? ??????,3779,???? ????,74,???????,11,???????,73,??? ??????
558,???? ??????,3638,??? ??????,74,???????,11,???????,73,??? ??????
572,???? ??????,3796,??? ???????,74,???????,11,???????,73,??? ??????
667,???? ??????,3709,???? ?????,74,???????,43,????,73,??? ??????
691,???? ??????,3797,??????? ?????,74,???????,11,???????,0, 
761,???? ??????,3752,???? ?????,74,???????,48,?????,73,??? ??????
762,???? ??????,3651,???? ????,74,???????,11,???????,73,??? ??????
807,???? ??????,3648,??????,74,???????,11,???????,73,??? ??????
848,???? ??????,3767,??????,74,???????,11,???????,73,??? ??????
861,???? ??????,3655,"???""?",74,???????,43,????,73,??? ??????
889,???? ??????,3787,????,74,???????,11,???????,73,??? ??????
934,???? ??????,3617,?????,74,???????,11,???????,73,??? ??????
943,???? ??????,3658,????,74,???????,11,???????,73,??? ??????
987,???? ??????,3715,?????,74,???????,11,???????,73,??? ??????
1024,???? ??????,3659,?????,74,???????,11,???????,73,??? ??????
1130,???? ??????,3565,???????,74,???????,11,???????,73,??? ??????
1203,???? ??????,3641,????,74,???????,11,???????,73,??? ??????
28,???? ??????,3786,????,75,???? )?????(,11,???????,74,?????? ?? ????
94,???? ??????,3556,?????,75,???? )?????(,11,???????,74,?????? ?? ????
118,???? ??????,3598,?????,75,???? )?????(,23,?????,75,????? ?????
169,???? ??????,3645,??? ?????,75,???? )?????(,11,???????,74,?????? ?? ????
227,???? ??????,3612,?????,75,???? )?????(,23,?????,75,????? ?????
299,???? ??????,3613,?????,75,???? )?????(,23,?????,75,????? ?????
302,???? ??????,3606,????,75,???? )?????(,23,?????,75,????? ?????
385,???? ??????,3639,??? ?????,75,???? )?????(,11,???????,74,?????? ?? ????
434,???? ??????,3646,????,75,???? )?????(,23,?????,75,????? ?????
435,???? ??????,3609,????,75,???? )?????(,23,?????,75,????? ?????
497,???? ??????,3607,"???""?",75,???? )?????(,23,?????,75,????? ?????
509,???? ??????,3566,????,75,???? )?????(,23,?????,75,????? ?????
703,???? ??????,3599,?????,75,???? )?????(,23,?????,75,????? ?????
725,???? ??????,3614,?????,75,???? )?????(,23,?????,75,????? ?????
757,???? ??????,3608,???? ?????,75,???? )?????(,23,?????,0, 
776,???? ??????,3576,???? ?????,75,???? )?????(,11,???????,73,??? ??????
779,???? ??????,3610,???? ???,75,???? )?????(,11,???????,74,?????? ?? ????
792,???? ??????,3605,?????,75,???? )?????(,23,?????,75,????? ?????
794,???? ??????,3785,??????,75,???? )?????(,11,???????,75,????? ?????
884,???? ??????,3620,????,75,???? )?????(,23,?????,75,????? ?????
890,???? ??????,3713,"???""?",75,???? )?????(,11,???????,75,????? ?????
898,???? ??????,3555,???? ?????,75,???? )?????(,23,?????,75,????? ?????
1027,???? ??????,3615,????,75,???? )?????(,23,?????,75,????? ?????
1078,???? ??????,3601,????,75,???? )?????(,11,???????,74,?????? ?? ????
1122,???? ??????,3619,????,75,???? )?????(,23,?????,75,????? ?????
1123,???? ??????,3782,????,75,???? )?????(,11,???????,75,????? ?????
1185,???? ??????,3578,????? ?????,75,???? )?????(,23,?????,75,????? ?????
1241,???? ??????,3558,????,75,???? )?????(,23,?????,75,????? ?????
80,???? ??????,3604,???? ????,76,??? ???,11,???????,76,??? ?????
97,???? ??????,3618,?????,76,??? ???,11,???????,76,??? ?????
116,???? ??????,3650,????,76,??? ???,11,???????,0, 
203,???? ??????,3780,???? ?????,76,??? ???,11,???????,0, 
245,???? ??????,3794,?? ???,76,??? ???,11,???????,76,??? ?????
379,???? ??????,3603,?? ????,76,??? ???,11,???????,76,??? ?????
618,???? ??????,3488,??? ?????,76,??? ???,11,???????,76,??? ?????
680,???? ??????,3561,???? ???,76,??? ???,11,???????,76,??? ?????
756,???? ??????,3616,???? ??????,76,??? ???,11,???????,0, 
764,???? ??????,3653,???? ????,76,??? ???,11,???????,76,??? ?????
827,???? ??????,3725,???? ?????,76,??? ???,11,???????,76,??? ?????
842,???? ??????,3726,??????,76,??? ???,11,???????,76,??? ?????
1068,???? ??????,3781,???,76,??? ???,11,???????,76,??? ?????
1107,???? ??????,3602,??? ?????,76,??? ???,11,???????,76,??? ?????
1266,???? ??????,3563,????,76,??? ???,11,???????,76,??? ?????
30,???? ??????,3759,?????,77,?????,13,??? ???,78,?? ?????
109,???? ??????,3754,????,77,?????,11,???????,76,??? ?????
128,???? ??????,3722,???????,77,?????,11,???????,78,?? ?????
402,???? ??????,3400,?????,77,?????,11,???????,0, 
404,???? ??????,3764,???,77,?????,11,???????,78,?? ?????
472,???? ??????,3743,???,77,?????,62,??? ???,78,?? ?????
640,???? ??????,3766,???? ???,77,?????,11,???????,76,??? ?????
644,???? ??????,3656,????,77,?????,11,???????,78,?? ?????
751,???? ??????,3657,????,77,?????,11,???????,78,?? ?????
770,???? ??????,3745,????? ?????,77,?????,11,???????,78,?? ?????
815,???? ??????,3724,??????,77,?????,11,???????,78,?? ?????
911,???? ??????,3756,?????,77,?????,11,???????,78,?? ?????
918,???? ??????,3777,?????,77,?????,62,??? ???,78,?? ?????
1010,???? ??????,3748,??????,77,?????,11,???????,78,?? ?????
1023,???? ??????,3723,??? ???,77,?????,11,???????,78,?? ?????
1085,???? ??????,3611,???? ????,77,?????,11,???????,0, 
1212,???? ??????,3784,????,77,?????,11,???????,78,?? ?????
1253,???? ??????,3719,???,77,?????,11,???????,78,?? ?????
